index,original_label,new_label,reason
6252,37,0,cluster_seed_6252
2865,37,0,cluster_seed_6252
6630,37,0,cluster_seed_6252
8864,37,0,cluster_seed_6252
8145,31,0,cluster_seed_6252
8843,37,0,cluster_seed_6252
2109,37,0,cluster_seed_6252
9693,37,0,cluster_seed_6252
2784,37,0,cluster_seed_6252
100,37,0,cluster_seed_6252
8146,37,0,cluster_seed_6252
3795,30,0,cluster_seed_6252
25,32,0,cluster_seed_6252
1815,37,0,cluster_seed_6252
2290,37,0,cluster_seed_6252
994,37,0,cluster_seed_6252
7355,37,0,cluster_seed_6252
9260,37,0,cluster_seed_6252
6001,37,0,cluster_seed_6252
111,37,0,cluster_seed_6252
9428,37,0,cluster_seed_6252
6633,14,0,cluster_seed_6252
6624,37,0,cluster_seed_6252
2841,37,0,cluster_seed_6252
2072,24,0,cluster_seed_6252
3069,37,0,cluster_seed_6252
5967,37,0,cluster_seed_6252
4684,43,48,cluster_seed_4684
8245,53,48,cluster_seed_4684
5644,53,48,cluster_seed_4684
3450,52,48,cluster_seed_4684
9794,50,48,cluster_seed_4684
531,52,48,cluster_seed_4684
690,50,48,cluster_seed_4684
5213,54,48,cluster_seed_4684
9035,51,48,cluster_seed_4684
9087,53,48,cluster_seed_4684
7686,45,48,cluster_seed_4684
6242,54,48,cluster_seed_4684
6829,52,48,cluster_seed_4684
5449,53,48,cluster_seed_4684
3617,60,48,cluster_seed_4684
8833,43,48,cluster_seed_4684
7670,60,48,cluster_seed_4684
4776,53,48,cluster_seed_4684
9807,53,48,cluster_seed_4684
6946,60,48,cluster_seed_4684
5153,52,48,cluster_seed_4684
582,50,48,cluster_seed_4684
32,50,48,cluster_seed_4684
2565,49,48,cluster_seed_4684
5775,45,48,cluster_seed_4684
4645,51,48,cluster_seed_4684
9887,60,48,cluster_seed_4684
7282,47,48,cluster_seed_4684
477,60,48,cluster_seed_4684
6278,53,48,cluster_seed_4684
5238,53,48,cluster_seed_4684
9034,51,48,cluster_seed_4684
3269,50,48,cluster_seed_4684
5679,53,48,cluster_seed_4684
8766,42,48,cluster_seed_4684
922,60,48,cluster_seed_4684
2358,45,48,cluster_seed_4684
9240,50,48,cluster_seed_4684
3670,53,48,cluster_seed_4684
1731,0,2,cluster_seed_1731
3956,3,2,cluster_seed_1731
7909,7,2,cluster_seed_1731
6656,9,2,cluster_seed_1731
3581,7,2,cluster_seed_1731
685,9,2,cluster_seed_1731
426,7,2,cluster_seed_1731
8919,0,2,cluster_seed_1731
1775,0,2,cluster_seed_1731
6302,5,2,cluster_seed_1731
5708,0,2,cluster_seed_1731
9137,11,2,cluster_seed_1731
1092,0,2,cluster_seed_1731
786,3,2,cluster_seed_1731
3952,7,2,cluster_seed_1731
5132,11,2,cluster_seed_1731
6449,26,2,cluster_seed_1731
6073,0,2,cluster_seed_1731
238,5,2,cluster_seed_1731
4979,0,2,cluster_seed_1731
5010,11,2,cluster_seed_1731
528,9,2,cluster_seed_1731
4692,0,2,cluster_seed_1731
4595,58,2,cluster_seed_1731
6551,13,2,cluster_seed_1731
9827,9,2,cluster_seed_1731
4196,13,2,cluster_seed_1731
8942,0,2,cluster_seed_1731
3950,0,2,cluster_seed_1731
1214,24,2,cluster_seed_1731
2079,0,2,cluster_seed_1731
5371,0,2,cluster_seed_1731
4742,2,36,cluster_seed_4742
1655,43,36,cluster_seed_4742
1604,26,36,cluster_seed_4742
1659,41,36,cluster_seed_4742
1687,56,36,cluster_seed_4742
8715,43,36,cluster_seed_4742
4055,0,36,cluster_seed_4742
6921,41,36,cluster_seed_4742
4057,0,36,cluster_seed_4742
8712,9,36,cluster_seed_4742
4060,41,36,cluster_seed_4742
6914,2,36,cluster_seed_4742
6912,19,36,cluster_seed_4742
1694,8,36,cluster_seed_4742
1692,40,36,cluster_seed_4742
4067,40,36,cluster_seed_4742
1690,2,36,cluster_seed_4742
1602,2,36,cluster_seed_4742
6895,39,36,cluster_seed_4742
8724,51,36,cluster_seed_4742
1667,44,36,cluster_seed_4742
4084,32,36,cluster_seed_4742
1669,56,36,cluster_seed_4742
8729,8,36,cluster_seed_4742
1695,2,36,cluster_seed_4742
4087,73,36,cluster_seed_4742
4103,41,36,cluster_seed_4742
1651,0,36,cluster_seed_4742
8731,20,36,cluster_seed_4742
1607,0,36,cluster_seed_4742
1608,0,36,cluster_seed_4742
1610,0,36,cluster_seed_4742
4136,73,36,cluster_seed_4742
6847,41,36,cluster_seed_4742
1613,0,36,cluster_seed_4742
4130,33,36,cluster_seed_4742
4129,0,36,cluster_seed_4742
1623,19,36,cluster_seed_4742
6853,26,36,cluster_seed_4742
8742,56,36,cluster_seed_4742
1626,56,36,cluster_seed_4742
4126,28,36,cluster_seed_4742
1629,0,36,cluster_seed_4742
1630,0,36,cluster_seed_4742
1633,39,36,cluster_seed_4742
4124,3,36,cluster_seed_4742
4120,0,36,cluster_seed_4742
8751,13,36,cluster_seed_4742
1643,0,36,cluster_seed_4742
4521,9,2,cluster_seed_4521
8596,7,2,cluster_seed_4521
8991,0,2,cluster_seed_4521
9975,7,2,cluster_seed_4521
8710,0,2,cluster_seed_4521
5414,16,2,cluster_seed_4521
8250,0,2,cluster_seed_4521
6820,1,2,cluster_seed_4521
5370,7,2,cluster_seed_4521
6000,7,2,cluster_seed_4521
3248,1,2,cluster_seed_4521
7580,0,2,cluster_seed_4521
2291,0,2,cluster_seed_4521
382,9,2,cluster_seed_4521
6557,0,2,cluster_seed_4521
2877,56,2,cluster_seed_4521
8669,26,2,cluster_seed_4521
9410,7,2,cluster_seed_4521
256,1,2,cluster_seed_4521
5156,58,2,cluster_seed_4521
8295,9,2,cluster_seed_4521
7245,13,2,cluster_seed_4521
5815,7,2,cluster_seed_4521
7072,0,2,cluster_seed_4521
6856,3,2,cluster_seed_4521
6340,0,36,cluster_seed_6340
1684,0,36,cluster_seed_6340
1673,0,36,cluster_seed_6340
1605,7,36,cluster_seed_6340
576,0,66,cluster_seed_576
9283,0,66,cluster_seed_576
8126,0,66,cluster_seed_576
2730,0,66,cluster_seed_576
9993,56,66,cluster_seed_576
6189,65,66,cluster_seed_576
1566,0,66,cluster_seed_576
9295,57,66,cluster_seed_576
3809,41,66,cluster_seed_576
4941,24,66,cluster_seed_576
4402,43,66,cluster_seed_576
3821,28,66,cluster_seed_576
7711,39,66,cluster_seed_576
6704,56,66,cluster_seed_576
4589,0,66,cluster_seed_576
2696,0,66,cluster_seed_576
5788,0,66,cluster_seed_576
7858,0,66,cluster_seed_576
5461,73,66,cluster_seed_576
4706,73,66,cluster_seed_576
5110,75,66,cluster_seed_576
854,73,66,cluster_seed_576
1726,67,66,cluster_seed_576
5436,73,66,cluster_seed_576
4434,73,66,cluster_seed_576
1157,56,66,cluster_seed_576
9711,60,66,cluster_seed_576
1506,60,66,cluster_seed_576
5190,73,66,cluster_seed_576
1977,0,66,cluster_seed_576
2768,73,66,cluster_seed_576
1874,28,66,cluster_seed_576
7585,39,66,cluster_seed_576
1110,14,66,cluster_seed_576
1869,59,66,cluster_seed_576
6016,0,66,cluster_seed_576
4525,15,66,cluster_seed_576
7684,37,66,cluster_seed_576
6760,47,66,cluster_seed_576
7998,60,66,cluster_seed_576
2884,2,66,cluster_seed_576
5133,56,66,cluster_seed_576
7947,29,66,cluster_seed_576
4713,27,66,cluster_seed_576
9078,73,66,cluster_seed_576
9592,0,66,cluster_seed_576
1527,30,66,cluster_seed_576
7938,57,66,cluster_seed_576
8163,2,66,cluster_seed_576
5202,0,51,cluster_seed_5202
9225,64,51,cluster_seed_5202
5782,60,51,cluster_seed_5202
1761,2,51,cluster_seed_5202
1580,0,51,cluster_seed_5202
4898,1,51,cluster_seed_5202
1091,24,51,cluster_seed_5202
1387,56,51,cluster_seed_5202
8933,71,51,cluster_seed_5202
6850,32,51,cluster_seed_5202
5385,32,51,cluster_seed_5202
4766,0,51,cluster_seed_5202
1547,9,51,cluster_seed_5202
6751,73,51,cluster_seed_5202
8519,0,51,cluster_seed_5202
6556,18,51,cluster_seed_5202
4543,0,51,cluster_seed_5202
4926,0,51,cluster_seed_5202
129,28,51,cluster_seed_5202
8782,56,51,cluster_seed_5202
2720,73,51,cluster_seed_5202
7788,2,51,cluster_seed_5202
2622,8,51,cluster_seed_5202
9401,2,51,cluster_seed_5202
1922,62,51,cluster_seed_5202
6166,0,51,cluster_seed_5202
956,0,51,cluster_seed_5202
4094,56,51,cluster_seed_5202
703,0,51,cluster_seed_5202
7229,50,51,cluster_seed_5202
9977,0,51,cluster_seed_5202
3019,73,51,cluster_seed_5202
8848,30,51,cluster_seed_5202
8967,41,51,cluster_seed_5202
4914,9,51,cluster_seed_5202
1410,39,51,cluster_seed_5202
3724,0,51,cluster_seed_5202
2338,41,51,cluster_seed_5202
6544,2,51,cluster_seed_5202
782,1,51,cluster_seed_5202
5571,56,51,cluster_seed_5202
4149,24,51,cluster_seed_5202
9677,0,51,cluster_seed_5202
6112,39,51,cluster_seed_5202
2116,0,51,cluster_seed_5202
3480,66,51,cluster_seed_5202
4935,0,51,cluster_seed_5202
7299,24,51,cluster_seed_5202
6818,39,51,cluster_seed_5202
6363,2,43,cluster_seed_6363
506,0,43,cluster_seed_6363
3691,30,43,cluster_seed_6363
3380,28,43,cluster_seed_6363
6834,9,43,cluster_seed_6363
6881,0,43,cluster_seed_6363
2519,67,43,cluster_seed_6363
1241,45,43,cluster_seed_6363
7905,37,43,cluster_seed_6363
1025,44,43,cluster_seed_6363
8688,1,43,cluster_seed_6363
7273,45,43,cluster_seed_6363
5989,71,43,cluster_seed_6363
8348,39,43,cluster_seed_6363
1752,45,43,cluster_seed_6363
343,71,43,cluster_seed_6363
634,2,43,cluster_seed_6363
7599,30,43,cluster_seed_6363
3652,55,43,cluster_seed_6363
5709,56,43,cluster_seed_6363
8713,2,43,cluster_seed_6363
7171,0,43,cluster_seed_6363
722,50,43,cluster_seed_6363
8106,30,43,cluster_seed_6363
6959,0,43,cluster_seed_6363
4577,37,43,cluster_seed_6363
866,3,43,cluster_seed_6363
7113,38,43,cluster_seed_6363
5058,0,43,cluster_seed_6363
4063,41,43,cluster_seed_6363
812,0,43,cluster_seed_6363
9615,55,43,cluster_seed_6363
2435,9,43,cluster_seed_6363
8949,2,43,cluster_seed_6363
2350,75,43,cluster_seed_6363
1901,57,43,cluster_seed_6363
6726,44,43,cluster_seed_6363
705,9,43,cluster_seed_6363
8360,56,43,cluster_seed_6363
3709,65,43,cluster_seed_6363
3141,39,43,cluster_seed_6363
2133,26,43,cluster_seed_6363
3533,14,43,cluster_seed_6363
7857,59,43,cluster_seed_6363
491,34,43,cluster_seed_6363
2020,73,43,cluster_seed_6363
2373,30,43,cluster_seed_6363
3252,26,43,cluster_seed_6363
5737,63,43,cluster_seed_6363
439,0,36,cluster_seed_439
4050,0,36,cluster_seed_439
8769,57,36,cluster_seed_439
1627,2,36,cluster_seed_439
4113,0,36,cluster_seed_439
2750,0,2,cluster_seed_2750
2004,7,2,cluster_seed_2750
220,3,2,cluster_seed_2750
2368,4,2,cluster_seed_2750
4804,0,2,cluster_seed_2750
1269,0,2,cluster_seed_2750
8387,36,2,cluster_seed_2750
5038,56,2,cluster_seed_2750
3080,0,2,cluster_seed_2750
29,14,2,cluster_seed_2750
2629,7,2,cluster_seed_2750
519,26,2,cluster_seed_2750
4270,0,2,cluster_seed_2750
3233,0,2,cluster_seed_2750
500,9,2,cluster_seed_2750
5733,0,2,cluster_seed_2750
9872,5,2,cluster_seed_2750
6905,0,2,cluster_seed_2750
4820,0,2,cluster_seed_2750
456,0,2,cluster_seed_2750
6150,0,2,cluster_seed_2750
5614,17,2,cluster_seed_2750
7232,0,2,cluster_seed_2750
138,3,2,cluster_seed_2750
9770,0,2,cluster_seed_2750
4834,1,2,cluster_seed_2750
7714,0,2,cluster_seed_2750
3077,1,2,cluster_seed_2750
2528,7,2,cluster_seed_2750
1650,60,2,cluster_seed_2750
7487,0,30,cluster_seed_7487
2881,0,30,cluster_seed_7487
5081,0,30,cluster_seed_7487
4424,0,30,cluster_seed_7487
241,0,30,cluster_seed_7487
6673,0,30,cluster_seed_7487
6387,31,30,cluster_seed_7487
6085,0,30,cluster_seed_7487
6354,0,30,cluster_seed_7487
8985,0,30,cluster_seed_7487
2848,0,30,cluster_seed_7487
9055,24,30,cluster_seed_7487
9007,31,30,cluster_seed_7487
6191,0,30,cluster_seed_7487
6291,0,30,cluster_seed_7487
3648,0,30,cluster_seed_7487
6787,0,30,cluster_seed_7487
552,0,30,cluster_seed_7487
5923,0,30,cluster_seed_7487
6832,31,30,cluster_seed_7487
6296,0,30,cluster_seed_7487
2921,0,30,cluster_seed_7487
2928,0,30,cluster_seed_7487
9008,0,30,cluster_seed_7487
2366,0,30,cluster_seed_7487
3125,31,30,cluster_seed_7487
7966,31,30,cluster_seed_7487
4526,0,30,cluster_seed_7487
2206,0,30,cluster_seed_7487
5308,0,30,cluster_seed_7487
1810,0,30,cluster_seed_7487
8870,0,30,cluster_seed_7487
8246,0,30,cluster_seed_7487
8771,0,30,cluster_seed_7487
1452,0,30,cluster_seed_7487
5532,0,30,cluster_seed_7487
5636,0,30,cluster_seed_7487
5191,13,30,cluster_seed_7487
1312,0,30,cluster_seed_7487
1137,24,30,cluster_seed_7487
5272,0,38,cluster_seed_5272
3358,0,38,cluster_seed_5272
6802,0,38,cluster_seed_5272
1748,0,38,cluster_seed_5272
4206,0,38,cluster_seed_5272
6156,0,38,cluster_seed_5272
9142,32,38,cluster_seed_5272
4208,56,38,cluster_seed_5272
4274,0,38,cluster_seed_5272
3650,0,38,cluster_seed_5272
2220,27,38,cluster_seed_5272
7330,56,38,cluster_seed_5272
2414,0,38,cluster_seed_5272
3027,56,38,cluster_seed_5272
824,0,38,cluster_seed_5272
4011,0,38,cluster_seed_5272
6356,0,38,cluster_seed_5272
9389,0,38,cluster_seed_5272
6014,0,38,cluster_seed_5272
9558,56,38,cluster_seed_5272
3082,0,38,cluster_seed_5272
3026,56,38,cluster_seed_5272
5294,56,38,cluster_seed_5272
8006,56,38,cluster_seed_5272
7871,0,38,cluster_seed_5272
6562,0,38,cluster_seed_5272
1360,0,38,cluster_seed_5272
1172,0,38,cluster_seed_5272
9718,32,38,cluster_seed_5272
7696,0,38,cluster_seed_5272
9890,32,38,cluster_seed_5272
2094,32,38,cluster_seed_5272
3503,0,38,cluster_seed_5272
3087,56,38,cluster_seed_5272
7534,32,38,cluster_seed_5272
1399,56,38,cluster_seed_5272
8427,0,38,cluster_seed_5272
2361,56,38,cluster_seed_5272
8911,32,38,cluster_seed_5272
5653,19,36,cluster_seed_5653
3999,32,0,cluster_seed_3999
4747,32,0,cluster_seed_3999
3583,33,0,cluster_seed_3999
1086,2,0,cluster_seed_3999
7851,26,0,cluster_seed_3999
6458,65,0,cluster_seed_3999
7846,33,0,cluster_seed_3999
5360,14,0,cluster_seed_3999
9648,14,0,cluster_seed_3999
5764,14,0,cluster_seed_3999
8396,39,0,cluster_seed_3999
8449,43,0,cluster_seed_3999
7937,51,0,cluster_seed_3999
6908,18,0,cluster_seed_3999
2208,40,0,cluster_seed_3999
8662,7,0,cluster_seed_3999
5790,9,0,cluster_seed_3999
6101,2,0,cluster_seed_3999
6648,56,0,cluster_seed_3999
6852,73,0,cluster_seed_3999
7629,32,0,cluster_seed_3999
5622,2,0,cluster_seed_3999
184,29,0,cluster_seed_3999
4847,73,0,cluster_seed_3999
742,19,0,cluster_seed_3999
7465,46,0,cluster_seed_3999
3757,27,0,cluster_seed_3999
8091,19,0,cluster_seed_3999
9569,41,0,cluster_seed_3999
7908,9,0,cluster_seed_3999
2140,38,0,cluster_seed_3999
5668,56,0,cluster_seed_3999
8022,33,0,cluster_seed_3999
6033,56,0,cluster_seed_6033
5766,65,0,cluster_seed_6033
8563,56,0,cluster_seed_6033
5365,58,0,cluster_seed_6033
9257,52,0,cluster_seed_6033
906,65,0,cluster_seed_6033
5144,59,0,cluster_seed_6033
2797,41,0,cluster_seed_6033
6766,45,0,cluster_seed_6033
629,65,0,cluster_seed_6033
704,39,0,cluster_seed_6033
2502,59,0,cluster_seed_6033
3462,44,0,cluster_seed_6033
1195,56,0,cluster_seed_6033
3752,56,0,cluster_seed_6033
9353,27,0,cluster_seed_6033
3102,26,0,cluster_seed_6033
6227,41,0,cluster_seed_6033
681,13,0,cluster_seed_6033
3969,59,0,cluster_seed_6033
472,57,0,cluster_seed_6033
3053,56,0,cluster_seed_6033
3354,56,0,cluster_seed_6033
3799,57,0,cluster_seed_6033
110,25,0,cluster_seed_6033
4000,67,0,cluster_seed_6033
8862,54,0,cluster_seed_6033
4243,77,0,cluster_seed_6033
1100,41,0,cluster_seed_6033
3607,57,0,cluster_seed_6033
5413,67,0,cluster_seed_6033
9930,26,56,cluster_seed_9930
3873,28,56,cluster_seed_9930
4801,24,56,cluster_seed_9930
2591,39,56,cluster_seed_9930
8982,57,56,cluster_seed_9930
9845,43,56,cluster_seed_9930
6646,39,56,cluster_seed_9930
7529,73,56,cluster_seed_9930
5134,0,56,cluster_seed_9930
9466,26,56,cluster_seed_9930
6771,75,56,cluster_seed_9930
31,72,56,cluster_seed_9930
2281,73,56,cluster_seed_9930
9044,44,56,cluster_seed_9930
1729,57,56,cluster_seed_9930
5074,57,56,cluster_seed_9930
7741,75,56,cluster_seed_9930
8768,39,56,cluster_seed_9930
1205,39,56,cluster_seed_9930
4726,39,56,cluster_seed_9930
6670,45,56,cluster_seed_9930
1614,57,56,cluster_seed_9930
9552,65,56,cluster_seed_9930
1664,28,56,cluster_seed_9930
60,41,56,cluster_seed_9930
9970,69,56,cluster_seed_9930
8846,73,56,cluster_seed_9930
9119,39,56,cluster_seed_9930
7657,73,56,cluster_seed_9930
8553,63,56,cluster_seed_9930
2665,73,56,cluster_seed_9930
8767,39,56,cluster_seed_9930
8134,73,56,cluster_seed_9930
2480,58,56,cluster_seed_9930
8313,73,56,cluster_seed_9930
1662,73,56,cluster_seed_9930
5048,57,56,cluster_seed_9930
1343,73,56,cluster_seed_9930
8534,73,56,cluster_seed_9930
1888,28,56,cluster_seed_9930
6605,58,56,cluster_seed_9930
9043,40,56,cluster_seed_9930
546,41,56,cluster_seed_9930
4376,28,56,cluster_seed_9930
2821,63,56,cluster_seed_9930
1850,39,56,cluster_seed_9930
9394,0,56,cluster_seed_9930
7051,39,36,cluster_seed_7051
8158,23,22,cluster_seed_8158
438,23,22,cluster_seed_8158
3762,23,22,cluster_seed_8158
1900,23,22,cluster_seed_8158
210,23,22,cluster_seed_8158
3929,23,22,cluster_seed_8158
6057,23,22,cluster_seed_8158
8943,23,22,cluster_seed_8158
6577,23,22,cluster_seed_8158
6053,23,22,cluster_seed_8158
6074,0,22,cluster_seed_8158
1115,23,22,cluster_seed_8158
6894,23,22,cluster_seed_8158
9066,23,22,cluster_seed_8158
2442,0,22,cluster_seed_8158
3212,23,22,cluster_seed_8158
5713,23,22,cluster_seed_8158
6236,23,22,cluster_seed_8158
4042,23,22,cluster_seed_8158
6223,23,22,cluster_seed_8158
538,0,22,cluster_seed_8158
4088,23,22,cluster_seed_8158
8826,23,22,cluster_seed_8158
8150,23,22,cluster_seed_8158
9538,23,22,cluster_seed_8158
4052,23,22,cluster_seed_8158
7257,23,22,cluster_seed_8158
9567,23,22,cluster_seed_8158
8606,23,22,cluster_seed_8158
7262,23,22,cluster_seed_8158
8835,23,22,cluster_seed_8158
5239,23,22,cluster_seed_8158
7866,20,22,cluster_seed_8158
5630,23,22,cluster_seed_8158
3932,23,22,cluster_seed_8158
6031,14,22,cluster_seed_8158
2389,23,22,cluster_seed_8158
555,23,22,cluster_seed_8158
8168,23,22,cluster_seed_8158
3815,0,22,cluster_seed_8158
9896,0,24,cluster_seed_9896
4195,0,24,cluster_seed_9896
2383,36,24,cluster_seed_9896
1875,0,24,cluster_seed_9896
1840,36,24,cluster_seed_9896
9176,0,24,cluster_seed_9896
3054,0,24,cluster_seed_9896
1332,36,24,cluster_seed_9896
8654,36,24,cluster_seed_9896
2199,0,24,cluster_seed_9896
4984,0,24,cluster_seed_9896
7086,0,24,cluster_seed_9896
6703,0,24,cluster_seed_9896
5009,0,24,cluster_seed_9896
1251,36,24,cluster_seed_9896
59,2,24,cluster_seed_9896
2043,56,24,cluster_seed_9896
3361,0,24,cluster_seed_9896
433,0,24,cluster_seed_9896
6194,37,24,cluster_seed_9896
5306,36,24,cluster_seed_9896
6364,36,24,cluster_seed_9896
8438,0,24,cluster_seed_9896
2572,0,24,cluster_seed_9896
4250,0,24,cluster_seed_9896
1824,0,24,cluster_seed_9896
5839,0,24,cluster_seed_9896
9894,0,24,cluster_seed_9896
9207,0,24,cluster_seed_9896
2802,0,24,cluster_seed_9896
6510,0,24,cluster_seed_9896
5699,36,24,cluster_seed_9896
1123,0,24,cluster_seed_9896
9895,36,24,cluster_seed_9896
890,0,24,cluster_seed_9896
7880,0,24,cluster_seed_9896
728,0,24,cluster_seed_9896
7623,0,24,cluster_seed_9896
2344,0,24,cluster_seed_9896
3043,0,24,cluster_seed_9896
5754,0,24,cluster_seed_9896
8001,36,24,cluster_seed_9896
4070,0,24,cluster_seed_9896
6855,37,24,cluster_seed_9896
675,36,24,cluster_seed_9896
2249,0,36,cluster_seed_2249
4640,49,45,cluster_seed_4640
2671,49,45,cluster_seed_4640
4990,47,45,cluster_seed_4640
5742,49,45,cluster_seed_4640
11,49,45,cluster_seed_4640
475,46,45,cluster_seed_4640
5284,46,45,cluster_seed_4640
6312,58,45,cluster_seed_4640
9860,49,45,cluster_seed_4640
4016,47,45,cluster_seed_4640
2593,46,45,cluster_seed_4640
657,49,45,cluster_seed_4640
6985,49,45,cluster_seed_4640
4796,49,45,cluster_seed_4640
986,49,45,cluster_seed_4640
2493,47,45,cluster_seed_4640
7779,49,45,cluster_seed_4640
7403,51,45,cluster_seed_4640
9345,49,45,cluster_seed_4640
3881,49,45,cluster_seed_4640
384,46,45,cluster_seed_4640
3347,46,45,cluster_seed_4640
2532,43,45,cluster_seed_4640
6632,46,45,cluster_seed_4640
3585,51,45,cluster_seed_4640
6167,0,45,cluster_seed_4640
3371,46,45,cluster_seed_4640
3287,46,45,cluster_seed_4640
860,49,45,cluster_seed_4640
2698,46,45,cluster_seed_4640
7969,26,45,cluster_seed_4640
4911,46,45,cluster_seed_4640
6051,47,45,cluster_seed_4640
3817,50,45,cluster_seed_4640
2787,46,45,cluster_seed_4640
2283,51,45,cluster_seed_4640
7522,46,45,cluster_seed_4640
2417,47,45,cluster_seed_4640
2171,46,45,cluster_seed_4640
2393,47,45,cluster_seed_4640
687,46,45,cluster_seed_4640
848,49,45,cluster_seed_4640
476,46,45,cluster_seed_4640
5814,14,45,cluster_seed_4640
6106,46,45,cluster_seed_4640
9485,26,36,cluster_seed_9485
4947,13,0,cluster_seed_4947
5240,2,0,cluster_seed_4947
5166,9,0,cluster_seed_4947
2472,5,0,cluster_seed_4947
4326,43,0,cluster_seed_4947
2412,47,0,cluster_seed_4947
9640,2,0,cluster_seed_4947
4652,47,0,cluster_seed_4947
8686,56,0,cluster_seed_4947
3638,36,0,cluster_seed_4947
6531,9,0,cluster_seed_4947
8778,37,0,cluster_seed_4947
9017,2,0,cluster_seed_4947
1689,1,0,cluster_seed_4947
9572,39,0,cluster_seed_4947
4209,67,0,cluster_seed_4947
3780,40,0,cluster_seed_4947
6336,40,0,cluster_seed_4947
9918,2,0,cluster_seed_4947
1884,54,0,cluster_seed_4947
1961,14,0,cluster_seed_4947
7425,3,0,cluster_seed_4947
465,40,0,cluster_seed_4947
5237,28,0,cluster_seed_4947
2816,67,0,cluster_seed_4947
4993,7,0,cluster_seed_4947
2719,47,0,cluster_seed_4947
7571,58,0,cluster_seed_4947
1950,39,0,cluster_seed_4947
8676,9,0,cluster_seed_4947
1825,2,0,cluster_seed_4947
408,14,0,cluster_seed_4947
4962,2,0,cluster_seed_4947
746,33,0,cluster_seed_4947
4068,28,0,cluster_seed_4947
9920,36,13,cluster_seed_9920
7011,0,13,cluster_seed_9920
9851,2,13,cluster_seed_9920
8293,36,13,cluster_seed_9920
3370,0,13,cluster_seed_9920
8159,0,13,cluster_seed_9920
4107,0,13,cluster_seed_9920
429,0,13,cluster_seed_9920
5264,0,13,cluster_seed_9920
8244,35,13,cluster_seed_9920
1959,0,13,cluster_seed_9920
9568,0,13,cluster_seed_9920
2557,30,13,cluster_seed_9920
2113,67,13,cluster_seed_9920
9367,56,13,cluster_seed_9920
8557,36,13,cluster_seed_9920
7390,0,13,cluster_seed_9920
9281,0,13,cluster_seed_9920
9679,36,13,cluster_seed_9920
5536,0,13,cluster_seed_9920
7490,0,13,cluster_seed_9920
9791,25,13,cluster_seed_9920
1199,2,13,cluster_seed_9920
4930,7,13,cluster_seed_9920
6981,2,13,cluster_seed_9920
1021,0,13,cluster_seed_9920
9449,2,13,cluster_seed_9920
2312,27,13,cluster_seed_9920
7201,0,13,cluster_seed_9920
8410,25,13,cluster_seed_9920
2404,26,13,cluster_seed_9920
9904,0,13,cluster_seed_9920
4609,2,13,cluster_seed_9920
1963,0,25,cluster_seed_1963
6623,0,25,cluster_seed_1963
6207,56,25,cluster_seed_1963
5755,0,25,cluster_seed_1963
8683,0,25,cluster_seed_1963
6067,0,25,cluster_seed_1963
671,56,25,cluster_seed_1963
499,33,25,cluster_seed_1963
6211,0,25,cluster_seed_1963
7997,0,25,cluster_seed_1963
6286,0,25,cluster_seed_1963
2500,0,25,cluster_seed_1963
9500,0,25,cluster_seed_1963
1072,56,25,cluster_seed_1963
6816,0,25,cluster_seed_1963
8200,0,25,cluster_seed_1963
6924,26,25,cluster_seed_1963
8760,56,25,cluster_seed_1963
7802,0,25,cluster_seed_1963
9495,0,25,cluster_seed_1963
4486,0,25,cluster_seed_1963
4173,0,25,cluster_seed_1963
2676,0,25,cluster_seed_1963
7541,56,25,cluster_seed_1963
8199,2,25,cluster_seed_1963
7459,1,25,cluster_seed_1963
2621,0,25,cluster_seed_1963
2154,0,25,cluster_seed_1963
8303,30,25,cluster_seed_1963
4792,0,25,cluster_seed_1963
7878,0,25,cluster_seed_1963
7801,0,25,cluster_seed_1963
1029,1,25,cluster_seed_1963
2081,0,25,cluster_seed_1963
6971,33,25,cluster_seed_1963
4586,2,25,cluster_seed_1963
498,0,25,cluster_seed_1963
7313,37,25,cluster_seed_1963
1321,33,25,cluster_seed_1963
8243,0,56,cluster_seed_8243
6885,0,56,cluster_seed_8243
7480,0,56,cluster_seed_8243
6884,0,56,cluster_seed_8243
6773,2,56,cluster_seed_8243
678,0,56,cluster_seed_8243
1274,0,56,cluster_seed_8243
487,23,56,cluster_seed_8243
4062,0,56,cluster_seed_8243
3515,4,56,cluster_seed_8243
4682,16,56,cluster_seed_8243
1970,14,56,cluster_seed_8243
4329,37,56,cluster_seed_8243
2191,7,56,cluster_seed_8243
4764,14,56,cluster_seed_8243
3639,8,56,cluster_seed_8243
4631,25,56,cluster_seed_8243
2744,18,56,cluster_seed_8243
4578,0,56,cluster_seed_8243
8452,0,56,cluster_seed_8243
7544,0,56,cluster_seed_8243
177,14,56,cluster_seed_8243
1910,8,56,cluster_seed_8243
9250,2,56,cluster_seed_8243
3477,16,56,cluster_seed_8243
2914,33,56,cluster_seed_8243
4278,0,56,cluster_seed_8243
6452,0,56,cluster_seed_8243
6488,73,56,cluster_seed_8243
6012,18,56,cluster_seed_8243
663,2,56,cluster_seed_8243
6842,0,56,cluster_seed_8243
6590,0,1,cluster_seed_6590
9285,0,1,cluster_seed_6590
5974,26,1,cluster_seed_6590
5246,3,1,cluster_seed_6590
8892,13,1,cluster_seed_6590
5546,0,1,cluster_seed_6590
5062,0,1,cluster_seed_6590
6595,63,1,cluster_seed_6590
809,26,1,cluster_seed_6590
6397,9,1,cluster_seed_6590
1938,25,1,cluster_seed_6590
3885,14,1,cluster_seed_6590
3320,0,1,cluster_seed_6590
1777,26,1,cluster_seed_6590
258,27,1,cluster_seed_6590
6568,41,1,cluster_seed_6590
7563,24,1,cluster_seed_6590
2376,0,1,cluster_seed_6590
3425,26,1,cluster_seed_6590
847,71,1,cluster_seed_6590
2375,0,1,cluster_seed_6590
3009,26,1,cluster_seed_6590
2092,0,1,cluster_seed_6590
430,0,1,cluster_seed_6590
9736,2,1,cluster_seed_6590
2824,71,1,cluster_seed_6590
4372,2,1,cluster_seed_6590
6208,0,1,cluster_seed_6590
4185,0,1,cluster_seed_6590
4492,65,1,cluster_seed_6590
3926,39,1,cluster_seed_6590
5626,0,1,cluster_seed_6590
2715,57,1,cluster_seed_6590
81,56,1,cluster_seed_6590
8567,58,1,cluster_seed_6590
2055,2,1,cluster_seed_6590
3416,56,1,cluster_seed_6590
3769,56,1,cluster_seed_6590
8847,48,56,cluster_seed_8847
2570,2,56,cluster_seed_8847
7535,58,56,cluster_seed_8847
3456,13,56,cluster_seed_8847
770,71,56,cluster_seed_8847
3547,0,56,cluster_seed_8847
9858,43,56,cluster_seed_8847
9688,40,56,cluster_seed_8847
6546,73,56,cluster_seed_8847
9107,65,56,cluster_seed_8847
1897,0,56,cluster_seed_8847
4646,0,56,cluster_seed_8847
7848,47,56,cluster_seed_8847
3874,28,56,cluster_seed_8847
4211,57,56,cluster_seed_8847
9479,0,56,cluster_seed_8847
8781,0,56,cluster_seed_8847
8404,64,56,cluster_seed_8847
8758,36,56,cluster_seed_8847
7362,39,56,cluster_seed_8847
2843,0,56,cluster_seed_8847
8478,58,56,cluster_seed_8847
7414,2,56,cluster_seed_8847
7100,69,56,cluster_seed_8847
1896,33,56,cluster_seed_8847
3849,26,56,cluster_seed_8847
3665,73,56,cluster_seed_8847
5490,44,56,cluster_seed_8847
8433,57,56,cluster_seed_8847
2381,63,56,cluster_seed_8847
4688,0,56,cluster_seed_8847
9834,36,56,cluster_seed_8847
43,2,56,cluster_seed_8847
7706,40,56,cluster_seed_8847
5938,0,56,cluster_seed_8847
9841,0,56,cluster_seed_8847
321,0,8,cluster_seed_321
5514,0,8,cluster_seed_321
6952,2,8,cluster_seed_321
1344,2,8,cluster_seed_321
9109,0,8,cluster_seed_321
3039,19,8,cluster_seed_321
9088,0,8,cluster_seed_321
9728,0,8,cluster_seed_321
7514,17,8,cluster_seed_321
9744,14,8,cluster_seed_321
3565,0,8,cluster_seed_321
4003,37,8,cluster_seed_321
1509,56,8,cluster_seed_321
8987,0,8,cluster_seed_321
7676,0,8,cluster_seed_321
1306,0,8,cluster_seed_321
2156,0,8,cluster_seed_321
73,16,8,cluster_seed_321
4506,0,8,cluster_seed_321
2886,0,8,cluster_seed_321
6432,13,8,cluster_seed_321
1660,20,8,cluster_seed_321
2263,0,8,cluster_seed_321
7049,0,8,cluster_seed_321
4513,18,8,cluster_seed_321
3240,0,8,cluster_seed_321
7716,0,8,cluster_seed_321
9481,33,8,cluster_seed_321
5146,0,8,cluster_seed_321
8467,32,8,cluster_seed_321
2678,0,60,cluster_seed_2678
7800,0,60,cluster_seed_2678
4973,0,60,cluster_seed_2678
9639,42,60,cluster_seed_2678
7368,0,60,cluster_seed_2678
2243,41,60,cluster_seed_2678
1180,52,60,cluster_seed_2678
6560,2,60,cluster_seed_2678
9090,0,60,cluster_seed_2678
3325,48,60,cluster_seed_2678
5744,42,60,cluster_seed_2678
4324,0,60,cluster_seed_2678
1435,45,60,cluster_seed_2678
2725,42,60,cluster_seed_2678
218,44,60,cluster_seed_2678
2329,0,60,cluster_seed_2678
4338,0,60,cluster_seed_2678
6082,56,60,cluster_seed_2678
8185,26,60,cluster_seed_2678
4617,26,60,cluster_seed_2678
694,53,60,cluster_seed_2678
9651,44,60,cluster_seed_2678
9200,41,60,cluster_seed_2678
3278,13,60,cluster_seed_2678
6117,53,60,cluster_seed_2678
2069,41,60,cluster_seed_2678
2456,41,60,cluster_seed_2678
372,0,60,cluster_seed_2678
9223,45,60,cluster_seed_2678
3593,56,60,cluster_seed_2678
787,26,60,cluster_seed_2678
9560,41,60,cluster_seed_2678
141,0,60,cluster_seed_2678
3478,44,60,cluster_seed_2678
1436,52,60,cluster_seed_2678
1528,56,60,cluster_seed_2678
5638,52,60,cluster_seed_2678
4361,53,60,cluster_seed_2678
3868,48,60,cluster_seed_2678
9546,52,60,cluster_seed_2678
6901,48,60,cluster_seed_2678
9661,48,60,cluster_seed_2678
5743,41,60,cluster_seed_2678
4625,46,45,cluster_seed_4625
6212,0,45,cluster_seed_4625
1861,47,45,cluster_seed_4625
2282,50,45,cluster_seed_4625
8618,0,45,cluster_seed_4625
5697,0,45,cluster_seed_4625
2530,50,45,cluster_seed_4625
6540,47,45,cluster_seed_4625
2315,46,45,cluster_seed_4625
4840,0,45,cluster_seed_4625
1817,47,45,cluster_seed_4625
873,46,45,cluster_seed_4625
9717,47,45,cluster_seed_4625
5142,46,45,cluster_seed_4625
6215,47,45,cluster_seed_4625
133,47,45,cluster_seed_4625
5466,46,45,cluster_seed_4625
3939,41,45,cluster_seed_4625
2533,47,45,cluster_seed_4625
3787,0,45,cluster_seed_4625
6041,56,45,cluster_seed_4625
8511,46,45,cluster_seed_4625
1099,0,45,cluster_seed_4625
7464,46,45,cluster_seed_4625
2273,39,45,cluster_seed_4625
9154,0,45,cluster_seed_4625
4949,0,24,cluster_seed_4949
3258,0,24,cluster_seed_4949
5004,0,24,cluster_seed_4949
7820,0,24,cluster_seed_4949
542,0,24,cluster_seed_4949
156,30,24,cluster_seed_4949
